{"cameraMode":{"drawMode":0,"name":"Shaded","section":"Shading Mode"},"sceneLighting":true,"audioPlay":false,"sceneViewState":{"showFog":true,"showMaterialUpdate":false,"showSkybox":true,"showFlares":true,"showImageEffects":true,"showParticleSystems":true},"in2DMode":false,"pivot":{"x":11.235443115234375,"y":3.3115234375,"z":5.017578125},"rotation":{"x":0.1458749622106552,"y":0.004452088847756386,"z":-0.0006557515589520335,"w":0.9892960786819458},"size":1107.94873046875,"orthographic":true}