{"cameraMode":{"drawMode":0,"name":"Shaded","section":"Shading Mode"},"sceneLighting":true,"audioPlay":false,"sceneViewState":{"showFog":true,"showMaterialUpdate":false,"showSkybox":true,"showFlares":true,"showImageEffects":true,"showParticleSystems":true},"in2DMode":false,"pivot":{"x":6.850131988525391,"y":0.6832456588745117,"z":5.713590621948242},"rotation":{"x":0.2515924274921417,"y":-0.023225869983434678,"z":0.00604213634505868,"w":0.9675460457801819},"size":12.4391508102417,"orthographic":false}