{"cameraMode":{"drawMode":0,"name":"Shaded","section":"Shading Mode"},"sceneLighting":false,"audioPlay":false,"sceneViewState":{"showFog":true,"showMaterialUpdate":false,"showSkybox":false,"showFlares":true,"showImageEffects":true,"showParticleSystems":true},"in2DMode":false,"pivot":{"x":-599.9674682617188,"y":5.944610595703125,"z":3.6601409912109377},"rotation":{"x":0.2515924274921417,"y":-0.023225869983434678,"z":0.00604213634505868,"w":0.9675460457801819},"size":1387.669189453125,"orthographic":false}