{"cameraMode":{"drawMode":0,"name":"Shaded","section":"Shading Mode"},"sceneLighting":false,"audioPlay":false,"sceneViewState":{"showFog":true,"showMaterialUpdate":false,"showSkybox":false,"showFlares":true,"showImageEffects":true,"showParticleSystems":true},"in2DMode":false,"pivot":{"x":1.6700003147125245,"y":0.8602890968322754,"z":-0.1626042127609253},"rotation":{"x":-0.12728898227214814,"y":-0.2897704243659973,"z":0.03891497850418091,"w":-0.9478001594543457},"size":4.17966365814209,"orthographic":false}